segundos,temp,hum,press,ohm
1,22.04,70.92,1010.28,15642.52
2,22.04,70.92,1010.28,15456.54
3,22.05,70.93,1010.28,15559.47
4,22.03,70.96,1010.28,15456.54
5,22.04,70.97,1010.28,15415.64
6,22.04,70.97,1010.31,15684.28
7,22.03,71.06,1010.28,15497.6
8,22.02,71.07,1010.29,15559.47
9,22.01,71.08,1010.26,15663.38
10,22.02,71.11,1010.28,15621.7
11,22.03,71.16,1010.26,15415.64
12,22.02,71.2,1010.27,15538.81
13,22.03,71.27,1010.3,15354.58
14,22.02,71.41,1010.3,15559.47
15,22.02,71.51,1010.26,15456.54
16,22.02,71.5,1010.28,15559.47
17,22.01,71.34,1010.26,15374.89
18,22.01,71.22,1010.28,15497.6
19,22,71.15,1010.25,15621.7
20,22,71.12,1010.25,15642.52
21,22.02,71.15,1010.29,15559.47
22,22,71.12,1010.32,15436.07
23,22,71.12,1010.28,15497.6
24,21.99,71.21,1010.27,15747.23
25,21.99,71.28,1010.29,15559.47
26,22,71.35,1010.26,15684.28
27,22,71.41,1010.27,15456.54
28,22,71.45,1010.29,15559.47
29,22,71.47,1010.28,15497.6
30,22,71.46,1010.28,15705.22
31,22.02,72.8,1010.28,15559.47
32,22,72.86,1010.28,15559.47
33,22.01,74.28,1010.26,15415.64
34,22.02,74.76,1010.29,15293.85
35,22.01,74.11,1010.26,15456.54
36,22.01,73.54,1010.26,15334.3
37,22.02,73.31,1010.27,15415.64
38,22.01,73.11,1010.29,15642.52
39,22.02,72.9,1010.33,15456.54
40,22.01,72.58,1010.29,15580.17
41,22,72.49,1010.29,15415.64
42,22.02,72.41,1010.3,15621.7
43,22.01,72.31,1010.29,15497.6
44,22.01,72.2,1010.29,15663.38
45,22,72.12,1010.27,15415.64
46,22.01,72.09,1010.29,15456.54
47,21.99,72.03,1010.27,15415.64
48,22,72.01,1010.28,15415.64
49,21.99,72.01,1010.25,15559.47
50,21.97,72.02,1010.27,15538.81
51,21.98,72.02,1010.25,15518.18
52,21.98,72.02,1010.27,15415.64
53,21.97,72.03,1010.24,15642.52
54,21.98,72,1010.33,15538.81
55,21.97,71.87,1010.26,15559.47
56,21.95,71.79,1010.27,15559.47
57,21.96,71.8,1010.25,15456.54
58,21.95,71.84,1010.29,15726.2
59,21.96,71.87,1010.31,15456.54
60,21.95,71.88,1010.26,15374.89
61,21.95,71.85,1010.29,15726.2
62,21.95,71.8,1010.29,15415.64
63,21.96,71.79,1010.33,15663.38
64,21.95,71.79,1010.28,15642.52
65,21.94,71.92,1010.27,15415.64
66,21.96,72.01,1010.32,15663.38
67,21.96,72.01,1010.3,15415.64
68,21.97,71.97,1010.33,15538.81
69,21.95,71.89,1010.28,15559.47
70,21.95,71.78,1010.28,15334.3
71,21.95,71.7,1010.31,15705.22
72,21.94,71.63,1010.26,15559.47
73,21.95,71.61,1010.28,15580.17
74,21.95,71.65,1010.3,15477.05
75,21.95,71.7,1010.28,15705.22
76,21.94,71.69,1010.26,15415.64
77,21.96,71.64,1010.29,15559.47
78,21.97,71.62,1010.31,15497.6
79,21.96,71.62,1010.29,15747.23
80,21.94,71.57,1010.27,15436.07
81,21.94,71.56,1010.28,15456.54
82,21.95,71.58,1010.29,15559.47
83,21.95,71.62,1010.31,15747.23
84,21.94,71.62,1010.28,15415.64
85,21.95,71.61,1010.29,15559.47
86,21.94,71.62,1010.31,15477.05
87,21.93,71.62,1010.3,15415.64
88,21.95,71.63,1010.31,15559.47
89,21.94,71.64,1010.31,15663.38
90,21.94,71.65,1010.28,15559.47
91,21.93,71.67,1010.28,15334.3
92,21.95,71.72,1010.31,15580.17
93,21.95,71.74,1010.31,15559.47
94,21.93,71.76,1010.29,15395.25
95,21.94,71.81,1010.31,15456.54
96,21.92,71.84,1010.26,15334.3
97,21.93,71.89,1010.3,15559.47
98,21.92,71.92,1010.3,15684.28
99,21.92,71.92,1010.29,15559.47
100,21.92,71.89,1010.25,15213.42
101,21.92,71.9,1010.28,15395.25
102,21.92,71.91,1010.27,15395.25
103,21.93,71.96,1010.32,15559.47
104,21.93,71.99,1010.3,15559.47
105,21.92,72,1010.31,15663.38
106,21.93,72.01,1010.3,15477.05
107,21.92,72.03,1010.31,15477.05
108,21.92,72.05,1010.3,15705.22
109,21.93,72.08,1010.32,15559.47
110,21.92,72.06,1010.31,15642.52
111,21.9,72.05,1010.25,15415.64
112,21.91,72.02,1010.31,15334.3
113,21.92,72.02,1010.29,15314.06
114,21.93,72.05,1010.33,15374.89
115,21.92,72.07,1010.31,15395.25
116,21.91,72.09,1010.29,15233.47
117,21.9,72.08,1010.28,15415.64
118,21.91,72.07,1010.3,15014.94
119,21.9,72.07,1010.32,15014.94
120,21.91,72.09,1010.33,15314.06
121,21.91,72.13,1010.34,15054.34
122,21.9,72.14,1010.3,15034.62
123,21.9,72.1,1010.32,14956.1
124,21.91,72.1,1010.31,15074.09
125,21.91,72.24,1010.33,14685.79
126,21.91,73.21,1010.32,14311.36
127,21.92,74.28,1010.34,14021.3
128,21.91,74.1,1010.29,14165.3
129,21.91,73.96,1010.31,13967.83
130,21.91,73.78,1010.31,14165.3
131,21.92,73.61,1010.33,14147.19
132,21.92,73.54,1010.33,14165.3
133,21.92,74.41,1010.3,13932.33
134,21.92,74.87,1010.32,13618.38
135,21.93,75.06,1010.31,13687.3
136,21.92,74.99,1010.31,13756.7
137,21.93,74.84,1010.34,13861.71
138,21.93,74.2,1010.32,14021.3
139,21.9,73.58,1010.3,13950.06
140,21.91,73.39,1010.34,14021.3
141,21.92,73.32,1010.34,14021.3
142,21.92,73.3,1010.32,13967.83
143,21.92,73.16,1010.28,14165.3
144,21.93,73.06,1010.34,13967.83
145,21.92,72.84,1010.38,14057.11
146,21.91,72.62,1010.33,14075.07
147,21.91,72.53,1010.31,14238.07
148,21.9,72.51,1010.33,14147.19
149,21.9,72.53,1010.32,14385.17
150,21.9,72.53,1010.29,14147.19
151,21.9,72.47,1010.31,14183.45
152,21.9,72.44,1010.33,14219.83
153,21.89,72.44,1010.33,14256.34
154,21.89,72.44,1010.28,14292.99
155,21.89,72.46,1010.27,14165.3
156,21.9,72.44,1010.31,14366.67
157,21.89,72.44,1010.31,14311.36
158,21.9,72.45,1010.32,14274.65
159,21.88,72.46,1010.3,14553.2
160,21.89,72.46,1010.33,14329.76
161,21.88,72.46,1010.29,14534.4
162,21.88,72.47,1010.31,14329.76
163,21.88,72.52,1010.31,14292.99
164,21.88,72.55,1010.3,14723.99
165,21.89,72.57,1010.3,14685.79
166,21.89,72.57,1010.29,14572.04
167,21.88,72.57,1010.33,14553.2
168,21.89,72.59,1010.32,14553.2
169,21.88,72.59,1010.28,14440.88
170,21.88,72.56,1010.3,14609.82
171,21.89,72.57,1010.31,14781.54
172,21.89,72.57,1010.32,14723.99
173,21.9,72.58,1010.29,14704.87
174,21.9,72.58,1010.31,14762.32
175,21.89,72.54,1010.34,14553.2
176,21.89,72.5,1010.3,14666.75
177,21.89,72.46,1010.3,14762.32
178,21.88,72.43,1010.32,14743.13
179,21.87,72.42,1010.32,14553.2
180,21.89,72.39,1010.33,14590.91
181,21.87,72.35,1010.3,14743.13
182,21.88,72.35,1010.31,14743.13
183,21.86,72.35,1010.26,14762.32
184,21.88,72.35,1010.32,14478.19
185,21.87,72.35,1010.34,14762.32
186,21.88,72.33,1010.35,14762.32
187,21.88,72.33,1010.34,14839.41
188,21.87,72.33,1010.34,14917.06
189,21.87,72.32,1010.32,14628.76
190,21.86,72.32,1010.3,15014.94
191,21.86,72.29,1010.28,14917.06
192,21.87,72.27,1010.29,14704.87
193,21.87,72.27,1010.27,14917.06
194,21.86,72.26,1010.29,14743.13
195,21.88,72.26,1010.31,14878.16
196,21.87,72.22,1010.29,14628.76
197,21.86,72.24,1010.31,14917.06
198,21.87,72.26,1010.3,14704.87
199,21.88,72.24,1010.34,14858.77
200,21.86,72.2,1010.29,15034.62
201,21.85,72.18,1010.26,15054.34
202,21.86,72.14,1010.28,14781.54
203,21.84,72.09,1010.3,15093.89
204,21.82,72.12,1010.26,15113.72
205,21.84,72.14,1010.3,15334.3
206,21.81,72.12,1010.25,15273.69
207,21.82,72.1,1010.25,15415.64
208,21.82,72.07,1010.29,15093.89
209,21.82,72.05,1010.26,15415.64
210,21.81,72.01,1010.27,15173.43
211,21.83,71.99,1010.29,15374.89
212,21.82,71.99,1010.3,15415.64
213,21.8,72.03,1010.25,15273.69
214,21.81,72.07,1010.26,15354.58
215,21.81,72.07,1010.3,15054.34
216,21.81,72.07,1010.26,15334.3
217,21.82,72.07,1010.3,15133.58
218,21.81,72.06,1010.27,15093.89
219,21.8,72.04,1010.28,15253.56
220,178.45,100,-132.66,15133.58
221,21.82,72.04,1010.31,15054.34
222,21.82,72.04,1010.29,15093.89
223,21.81,72.04,1010.28,15093.89
224,21.8,72.04,1010.29,15093.89
225,21.8,72.05,1010.25,15014.94
226,21.81,72.08,1010.29,15253.56
227,21.79,72.07,1010.26,15273.69
228,21.8,72.08,1010.31,15093.89
229,21.8,72.08,1010.27,15034.62
230,21.8,72.08,1010.26,15093.89
231,21.78,72.05,1010.26,15233.47
232,21.79,72.03,1010.29,14975.68
233,21.79,72.01,1010.29,15014.94
234,21.78,72.01,1010.25,15093.89
235,21.79,72.02,1010.3,14956.1
236,21.79,72.02,1010.29,15293.85
237,21.77,72.02,1010.23,15113.72
238,21.78,72.03,1010.27,15233.47
239,21.78,72.02,1010.28,15273.69
240,21.77,72.03,1010.25,15093.89
241,21.77,72.04,1010.26,15233.47
242,21.78,72.05,1010.25,15374.89
243,21.76,72.06,1010.22,15213.42
244,21.77,72.07,1010.25,15395.25
245,21.78,72.06,1010.28,15354.58
246,21.78,72.06,1010.26,15173.43
247,21.78,72.05,1010.3,15173.43
248,21.77,72.05,1010.28,15293.85
249,21.77,72.05,1010.22,15395.25
250,21.78,72.07,1010.3,15193.41
251,21.78,72.56,1010.27,15415.64
252,21.77,72.77,1010.28,15477.05
253,21.78,72.72,1010.26,15213.42
254,21.75,72.62,1010.26,15374.89
255,21.77,72.42,1010.26,15173.43
256,21.77,72.46,1010.27,15173.43
257,21.77,72.73,1010.24,15233.47
258,21.78,72.95,1010.27,15314.06
259,21.78,72.94,1010.23,14858.77
260,21.77,72.97,1010.23,15133.58
261,21.79,73.08,1010.21,15213.42
262,21.79,73.03,1010.23,15334.3
263,21.79,73,1010.22,15334.3
264,21.84,76.91,1010.23,14762.32
265,21.86,78.08,1010.24,14553.2
266,21.84,77.18,1010.23,14403.71
267,21.87,76.09,1010.27,14647.74
268,21.88,75.56,1010.23,14553.2
269,21.87,75.11,1010.23,14762.32
270,21.92,78.3,1010.27,14440.88
271,21.94,80.3,1010.23,14440.88
272,21.95,80.11,1010.25,14440.88
273,21.93,78.08,1010.21,14609.82
274,21.93,76.25,1010.21,14917.06
275,21.94,75.15,1010.23,15093.89
276,21.94,75.24,1010.23,14917.06
277,21.96,76.56,1010.25,14515.63
278,21.95,76.93,1010.24,14590.91
279,21.98,77.93,1010.24,14743.13
280,22.01,79.91,1010.24,14219.83
281,22.02,79.73,1010.25,14553.2
282,22.01,77.64,1010.26,14329.76
283,22.02,76.49,1010.24,14572.04
284,22.01,75.86,1010.24,14292.99
285,22.02,75.41,1010.29,14743.13
286,22,75.17,1010.22,14609.82
287,22,74.51,1010.25,14553.2
288,22,75.49,1010.21,14781.54
289,22.02,75.95,1010.24,14762.32
290,22.01,75.16,1010.25,14515.63
291,22.02,74.71,1010.26,14995.29
292,22.01,74.28,1010.23,14666.75
293,22.01,74.58,1010.21,14515.63
294,22.06,78.6,1010.25,14459.52
295,22.05,78.11,1010.23,14995.29
296,22.05,76.05,1010.22,14743.13
297,22.04,74.95,1010.21,15213.42
298,22.04,74.17,1010.24,15074.09
299,22.05,73.67,1010.23,14936.56
300,22.05,73.76,1010.24,15054.34
301,22.05,73.8,1010.21,15093.89
302,22.06,73.7,1010.21,15093.89
303,22.05,73.58,1010.25,14975.68
304,22.06,73.25,1010.25,15054.34
305,22.06,73.06,1010.21,15014.94
306,22.06,72.84,1010.25,15014.94
307,22.09,73.1,1010.26,15173.43
308,22.07,72.93,1010.23,15233.47
309,22.07,72.67,1010.21,15233.47
310,22.07,72.4,1010.27,14897.59
311,22.07,72.25,1010.26,15334.3
312,22.07,72.15,1010.21,15093.89
313,22.06,72.02,1010.25,15173.43
314,22.06,71.93,1010.19,15153.49
315,22.04,71.89,1010.19,15395.25
316,22.02,71.89,1010.19,15213.42
317,22.04,71.84,1010.22,15314.06
318,22.05,71.84,1010.21,15253.56
319,22.04,71.8,1010.21,15093.89
320,22.04,71.79,1010.23,15213.42
321,22.03,71.81,1010.21,14975.68
322,22.03,72.21,1010.22,14858.77
323,22.04,72.7,1010.24,14878.16
324,22.05,72.62,1010.25,14975.68
325,22.02,72.3,1010.22,15074.09
326,22.03,72.12,1010.24,14781.54
327,22.02,71.99,1010.22,15074.09
328,22.01,71.9,1010.19,15014.94
329,22.02,71.87,1010.23,15054.34
330,22.01,71.86,1010.21,15014.94
331,22,71.87,1010.24,15233.47
332,22.01,71.92,1010.23,15213.42
333,22,71.94,1010.24,15173.43
334,22.01,72,1010.27,15133.58
335,22.02,72.05,1010.27,15014.94
336,22,72.03,1010.24,15374.89
337,21.99,72,1010.2,15314.06
338,21.99,71.96,1010.18,15014.94
339,22,71.97,1010.2,15334.3
340,21.99,71.93,1010.22,15093.89
341,22,71.91,1010.23,15113.72
342,21.98,71.91,1010.23,15093.89
343,21.97,71.94,1010.21,15014.94
344,21.97,71.91,1010.21,15014.94
345,21.99,71.89,1010.23,15233.47
346,21.98,71.95,1010.21,15253.56
347,21.99,72.19,1010.22,15395.25
348,21.99,72.3,1010.25,15173.43
349,21.97,72.31,1010.22,15093.89
350,21.98,72.43,1010.21,15054.34
351,21.98,72.48,1010.22,15074.09
352,21.99,72.6,1010.21,15354.58
353,21.98,72.8,1010.24,15093.89
354,22,72.85,1010.28,15173.43
355,21.98,72.72,1010.22,15374.89
356,21.98,72.63,1010.22,15173.43
357,21.99,72.54,1010.23,15133.58
358,21.99,72.49,1010.26,15334.3
359,21.99,72.45,1010.26,15173.43
360,21.99,72.4,1010.26,15334.3
361,21.98,72.38,1010.23,15334.3
362,21.99,72.35,1010.25,15415.64
363,21.98,72.31,1010.21,15173.43
364,21.99,72.26,1010.25,15334.3
365,21.98,72.21,1010.23,15293.85
366,21.98,72.18,1010.25,15538.81
367,21.97,72.24,1010.23,15293.85
368,21.97,72.28,1010.26,15314.06
369,21.98,72.29,1010.26,15477.05
370,21.99,72.33,1010.28,15293.85
371,21.98,72.33,1010.28,15193.41
372,21.98,72.26,1010.26,15293.85
373,21.99,72.1,1010.29,15600.92
374,21.97,72.02,1010.25,15559.47
375,21.98,71.97,1010.27,15456.54
376,21.98,71.96,1010.28,15477.05
377,21.98,71.97,1010.29,15518.18
378,21.97,71.94,1010.27,15395.25
379,21.98,71.91,1010.28,15334.3
380,21.98,71.91,1010.32,15314.06
381,21.97,71.92,1010.28,15374.89
382,21.97,71.93,1010.28,15456.54
383,21.97,71.91,1010.22,15253.56
384,21.97,71.93,1010.26,15395.25
385,21.97,71.95,1010.27,15559.47
386,21.97,71.98,1010.3,15334.3
387,21.97,72.05,1010.33,15374.89
388,21.96,72.13,1010.27,15133.58
389,21.97,72.19,1010.32,15173.43
390,21.96,72.22,1010.27,15456.54
391,21.97,72.22,1010.3,15173.43
392,21.96,72.21,1010.29,15133.58
393,21.96,72.19,1010.28,15334.3
394,21.95,72.16,1010.29,15133.58
395,21.95,72.16,1010.3,15395.25
396,21.94,72.15,1010.27,15093.89
397,21.95,72.17,1010.27,15173.43
398,21.95,72.18,1010.28,15477.05
399,21.95,72.18,1010.28,15395.25
400,21.95,72.2,1010.3,15374.89
401,21.96,72.21,1010.28,15580.17
402,21.96,72.22,1010.3,15233.47
403,21.95,72.2,1010.29,15456.54
404,21.95,72.16,1010.28,15293.85
405,21.94,72.08,1010.25,15415.64
406,21.95,72.03,1010.25,15415.64
407,21.93,72,1010.25,15314.06
408,21.94,72,1010.28,15559.47
409,21.95,72,1010.23,15334.3
410,21.94,72.02,1010.28,15374.89
411,21.94,72,1010.26,15213.42
412,21.94,72,1010.24,15253.56
413,21.96,72.01,1010.3,15293.85
414,21.93,72.03,1010.27,15395.25
415,21.93,72.21,1010.28,15477.05
416,21.94,72.51,1010.26,15334.3
417,21.93,72.44,1010.25,15293.85
418,21.94,72.35,1010.28,15173.43
419,21.92,72.33,1010.25,15293.85
420,21.93,72.29,1010.26,15436.07
421,21.93,72.27,1010.27,15293.85
422,21.93,72.26,1010.25,15374.89
423,21.92,72.25,1010.27,15253.56
424,21.92,72.28,1010.26,15173.43
425,21.93,72.35,1010.29,15293.85
426,21.92,72.39,1010.26,15395.25
427,21.94,72.39,1010.27,15213.42
428,21.92,72.31,1010.24,15293.85
429,21.93,72.26,1010.24,15233.47
430,21.92,72.21,1010.25,15436.07
431,21.93,72.21,1010.27,15497.6
432,21.93,72.21,1010.26,15213.42
433,21.94,72.17,1010.28,15213.42
434,21.92,72.18,1010.29,15233.47
435,21.92,72.12,1010.24,15253.56
436,21.92,72.06,1010.27,15173.43
437,21.92,72.04,1010.29,15193.41
438,21.92,72.02,1010.25,15293.85
439,21.91,72.03,1010.26,15253.56
440,21.91,72.05,1010.32,15213.42
441,21.91,72.05,1010.29,15133.58
442,21.91,72.06,1010.25,15415.64
443,21.91,72.06,1010.24,15253.56
444,21.91,72.04,1010.28,15497.6
445,21.92,72.34,1010.27,15477.05
446,21.93,72.31,1010.29,15395.25
447,21.92,72.19,1010.28,15456.54
448,21.93,72.12,1010.27,15334.3
449,21.94,72.08,1010.28,15173.43
450,21.93,72.04,1010.25,15173.43
451,21.95,72.02,1010.31,15415.64
452,21.94,71.98,1010.26,15314.06
453,21.94,71.96,1010.3,15395.25
454,21.94,71.94,1010.28,15253.56
455,21.95,71.92,1010.24,15374.89
456,21.95,71.89,1010.28,15415.64
457,21.96,71.87,1010.3,15477.05
458,21.97,71.84,1010.31,15456.54
459,21.97,71.83,1010.33,15374.89
460,21.97,71.82,1010.31,15456.54
461,21.97,71.83,1010.29,15213.42
462,21.97,71.84,1010.3,15436.07
463,21.97,71.84,1010.26,15456.54
464,21.99,71.83,1010.28,15253.56
465,22,71.85,1010.31,15436.07
466,22,71.85,1010.33,15213.42
467,22.01,71.86,1010.33,15253.56
468,21.99,71.85,1010.33,15253.56
469,21.99,71.87,1010.31,15334.3
470,21.98,71.87,1010.34,15374.89
471,21.98,71.89,1010.3,15173.43
472,21.98,71.91,1010.3,15395.25
473,21.98,71.9,1010.3,15173.43
474,21.98,71.87,1010.33,15213.42
475,21.92,71.87,1010.28,15293.85
476,21.98,71.86,1010.32,15213.42
477,21.98,71.91,1010.31,15133.58
478,21.98,100,1010.34,15213.42
479,21.97,71.94,1010.31,15253.56
480,21.97,71.92,1010.29,15334.3
481,21.96,71.92,1010.33,15173.43
482,21.97,71.93,1010.31,15395.25
483,21.96,71.93,1010.33,15395.25
484,21.96,71.93,1010.35,15395.25
485,21.97,71.92,1010.35,15374.89
486,21.97,71.93,1010.34,15173.43
487,21.95,71.94,1010.33,15538.81
488,21.95,71.94,1010.34,15253.56
489,21.95,71.95,1010.33,15518.18
490,21.95,71.96,1010.32,15395.25
491,21.94,71.96,1010.32,15395.25
492,21.94,71.99,1010.31,15253.56
493,21.94,72.03,1010.32,15173.43
494,21.94,72.14,1010.32,15253.56
495,21.95,72.17,1010.34,15253.56
496,21.93,72.12,1010.33,15133.58
497,21.94,72.12,1010.31,15293.85
498,21.94,72.28,1010.35,15663.38
499,21.94,72.39,1010.35,15173.43
500,21.93,72.39,1010.33,15173.43
501,21.93,72.27,1010.34,15436.07
502,21.93,72.16,1010.33,15253.56
503,21.93,72.08,1010.35,15253.56
504,21.93,72.04,1010.32,15374.89
505,21.94,71.98,1010.36,15213.42
506,21.93,71.92,1010.34,15334.3
507,21.93,71.92,1010.33,15213.42
508,21.92,71.9,1010.34,15253.56
509,21.92,71.87,1010.31,15395.25
510,21.92,71.87,1010.31,15233.47
511,21.94,73.5,1010.31,15233.47
512,21.93,74.51,1010.32,15093.89
513,21.93,74.18,1010.36,15354.58
514,21.93,73.51,1010.36,15314.06
515,21.92,73.1,1010.34,15173.43
516,21.94,73.01,1010.35,15233.47
517,21.93,72.92,1010.33,15497.6
518,21.92,72.67,1010.33,15253.56
519,21.91,72.54,1010.29,15133.58
520,21.92,72.45,1010.34,15233.47
521,21.92,72.36,1010.37,15173.43
522,21.92,72.36,1010.34,15133.58
523,21.91,72.35,1010.32,15415.64
524,21.93,72.35,1010.32,15213.42
525,21.91,72.31,1010.35,15273.69
526,21.91,72.31,1010.34,15213.42
527,21.92,72.34,1010.34,15273.69
528,21.91,72.34,1010.33,15497.6
529,21.92,72.32,1010.38,15213.42
530,21.91,72.3,1010.32,15477.05
531,21.92,72.28,1010.35,15213.42
532,21.91,72.26,1010.3,15133.58
533,21.91,72.23,1010.35,15497.6
534,21.92,72.21,1010.34,15213.42
535,21.91,72.24,1010.34,15293.85
536,21.9,72.29,1010.28,15374.89
537,21.91,72.33,1010.3,15293.85
538,21.91,72.34,1010.33,15253.56
539,21.91,72.34,1010.32,15173.43
540,21.92,72.36,1010.36,15173.43
541,21.92,72.4,1010.35,15663.38
542,21.91,72.46,1010.34,15395.25
543,21.9,72.46,1010.33,15415.64
544,21.9,72.47,1010.32,15538.81
545,21.9,72.47,1010.35,15415.64
546,21.89,72.47,1010.34,15334.3
547,21.91,72.46,1010.36,15213.42
548,21.91,72.4,1010.37,15497.6
549,21.91,72.33,1010.34,15395.25
550,21.91,72.33,1010.33,15621.7
551,21.89,72.31,1010.3,15374.89
552,21.91,72.29,1010.35,15621.7
553,21.9,72.67,1010.34,15415.64
554,21.9,72.88,1010.37,15213.42
555,21.91,72.86,1010.35,15253.56
556,21.9,72.88,1010.36,15314.06
557,21.89,72.62,1010.35,15093.89
558,21.89,72.43,1010.35,15395.25
559,21.9,72.4,1010.35,15334.3
560,21.9,72.51,1010.38,15253.56
561,21.89,72.62,1010.31,15497.6
562,21.89,72.74,1010.33,15415.64
563,21.89,72.78,1010.3,15213.42
564,21.89,72.77,1010.32,15293.85
565,21.89,72.71,1010.35,15233.47
566,21.89,72.92,1010.32,15273.69
567,21.9,73.07,1010.33,15133.58
568,21.89,73.02,1010.33,15395.25
569,21.89,72.89,1010.36,15213.42
570,21.88,72.83,1010.35,15173.43
571,21.89,72.78,1010.38,15193.41
572,21.88,72.76,1010.34,15253.56
573,21.86,72.7,1010.33,15213.42
574,21.86,72.65,1010.35,15233.47
575,21.87,72.62,1010.34,15293.85
576,21.86,72.61,1010.34,15173.43
577,21.87,72.57,1010.34,15415.64
578,21.87,72.54,1010.36,15374.89
579,21.87,72.45,1010.35,15374.89
580,21.88,72.36,1010.35,15293.85
581,21.87,72.29,1010.33,15334.3
582,21.86,72.23,1010.35,15395.25
583,21.86,72.27,1010.32,15054.34
584,21.86,72.35,1010.31,14975.68
585,21.86,73.13,1010.3,15093.89
586,21.87,73.7,1010.36,14858.77
587,21.86,73.84,1010.35,14975.68
588,21.87,73.75,1010.33,15233.47
589,21.87,73.61,1010.35,15456.54
590,21.87,73.53,1010.37,15093.89
591,21.87,73.53,1010.37,15153.49
592,21.87,73.51,1010.31,15354.58
593,21.89,73.46,1010.35,15354.58
594,21.87,73.28,1010.37,15113.72
595,21.88,73.07,1010.36,15093.89
596,21.88,72.93,1010.38,15093.89
597,21.87,72.78,1010.35,15014.94
598,21.88,72.69,1010.39,15213.42
599,21.88,72.64,1010.38,15093.89
600,21.86,72.59,1010.34,15173.43
601,21.86,72.58,1010.34,15334.3
602,21.87,72.62,1010.34,15213.42
603,21.86,72.59,1010.36,15133.58
604,21.85,72.5,1010.32,15173.43
605,21.85,72.47,1010.36,15173.43
606,21.87,72.47,1010.38,15213.42
607,21.85,72.46,1010.35,15253.56
608,21.85,72.46,1010.35,15253.56
609,21.85,72.51,1010.39,15273.69
610,21.85,72.5,1010.34,15334.3
611,21.87,72.46,1010.35,15253.56
612,21.84,72.42,1010.32,15133.58
613,21.85,72.39,1010.35,15173.43
614,21.85,72.39,1010.35,15233.47
615,21.84,72.4,1010.34,15133.58
616,21.85,72.37,1010.34,15334.3
617,21.85,72.37,1010.36,15253.56
618,21.85,72.37,1010.36,15538.81
619,21.85,72.37,1010.36,15173.43
620,21.83,72.41,1010.31,15213.42
621,21.85,72.43,1010.34,15395.25
622,21.85,72.45,1010.33,15395.25
623,21.84,72.44,1010.34,15173.43
624,21.85,72.43,1010.39,15133.58
625,21.84,72.38,1010.31,15415.64
626,21.84,72.37,1010.35,15213.42
627,21.85,72.36,1010.34,15173.43
628,21.84,72.35,1010.35,15213.42
629,21.85,72.32,1010.35,15093.89
630,21.85,72.31,1010.34,15173.43
631,21.85,72.3,1010.37,15436.07
632,21.84,72.29,1010.34,15395.25
633,21.85,72.3,1010.36,15497.6
634,21.85,72.29,1010.35,15293.85
635,21.85,72.32,1010.36,15173.43
636,21.86,72.32,1010.35,15538.81
637,21.85,72.33,1010.36,15621.7
638,21.85,72.33,1010.35,15497.6
639,21.84,72.32,1010.36,15093.89
640,21.84,72.33,1010.36,15559.47
641,21.84,72.33,1010.36,15334.3
642,21.84,72.36,1010.34,15477.05
643,21.85,72.36,1010.36,15233.47
644,21.84,72.36,1010.33,15334.3
645,21.85,72.36,1010.35,15477.05
646,21.84,72.35,1010.34,15497.6
647,21.83,72.32,1010.33,15253.56
648,21.83,72.33,1010.32,15395.25
649,21.84,72.35,1010.35,15213.42
650,21.84,72.37,1010.34,15395.25
651,21.82,72.37,1010.35,15173.43
652,21.83,72.39,1010.34,15395.25
653,21.82,72.37,1010.29,15395.25
654,21.84,72.38,1010.35,15395.25
655,21.84,72.38,1010.37,15133.58
656,21.83,72.37,1010.36,15314.06
657,178.45,100,-132.66,15497.6
658,178.45,100,-132.66,15456.54
659,21.86,100,-132.66,15293.85
660,178.45,72.34,1010.31,15133.58
661,21.87,72.33,1010.33,15173.43
662,21.87,72.32,1010.34,15293.85
663,21.85,72.32,1010.33,15133.58
664,178.45,100,1276.99,15293.85
665,178.45,79.4,1010.32,15273.69
666,21.87,72.31,1010.3,15173.43
667,21.88,72.31,1010.33,15253.56
668,21.86,72.25,1010.34,15173.43
669,21.85,100,1010.36,15559.47
670,178.45,100,1263.66,15273.69
671,21.86,72.21,1010.33,15153.49
672,178.45,72.21,1010.33,15334.3
673,178.45,79.28,1010.37,15395.25
674,178.45,79.22,-108.39,15173.43
675,178.45,100,-108.4,15233.47
676,21.88,72.16,-132.66,15293.85
677,178.45,100,-132.66,15436.07
678,178.45,79.01,1263.66,15173.43
679,178.45,100,-132.66,15334.3
680,21.88,71.97,1010.34,15173.43
681,21.89,71.93,1010.34,15456.54
682,21.88,71.9,1010.32,15456.54
683,21.89,71.87,-108.4,15395.25
684,178.45,100,-132.66,15173.43
685,178.45,100,-132.66,15395.25
686,21.89,72,1010.36,15395.25
687,178.45,100,1263.69,15133.58
688,178.45,100,-132.66,15173.43
689,21.89,72.14,1010.38,15374.89
690,21.89,72.17,1010.36,15253.56
691,21.89,72.26,1010.33,15374.89
692,21.89,72.28,1010.34,15213.42
693,21.9,100,-132.66,15173.43
694,21.89,72.35,1010.35,15233.47
695,178.45,100,1010.33,15559.47
696,178.45,79.49,1010.3,15395.25
697,21.88,72.4,1010.35,15233.47
698,21.88,72.4,1010.38,15621.7
699,178.45,100,-132.66,15334.3
700,21.89,72.27,1010.35,15395.25
701,21.87,72.17,1010.37,15415.64
702,21.88,72.1,1010.38,15293.85
703,21.87,72.05,1010.33,15456.54
704,21.88,72.06,1263.7,15213.42
705,21.87,72.04,1010.33,15213.42
706,21.88,72.04,1010.44,15395.25
707,21.87,72.04,1010.34,15538.81
708,21.88,72.03,1010.33,15497.6
709,178.45,100,1263.68,15173.43
710,21.87,72.02,1010.32,15253.56
711,21.88,72.06,1010.35,15113.72
712,21.86,72.1,1010.32,15173.43
713,21.87,72.17,1010.36,15538.81
714,21.83,72.24,1010.33,15293.85
715,21.84,72.29,1010.34,15173.43
716,21.84,72.25,1010.34,15253.56
717,21.83,72.16,1010.34,15173.43
718,21.83,72.15,1010.34,15093.89
719,21.83,72.1,1010.3,15133.58
720,21.81,72.09,1010.29,15213.42
721,21.82,72.1,1010.32,15395.25
722,21.83,72.12,1010.29,15173.43
723,21.82,72.15,1010.32,15314.06
724,21.82,72.18,1010.33,15538.81
725,21.82,72.29,1010.3,15153.49
726,21.81,72.43,1010.34,15374.89
727,21.83,72.58,1010.35,15193.41
728,21.81,72.55,1010.31,15334.3
729,21.82,72.45,1010.33,15395.25
730,21.81,72.37,1010.35,15233.47
731,21.82,72.34,1010.33,15354.58
732,21.81,72.34,1010.32,15213.42
733,21.81,72.35,1010.33,15173.43
734,21.81,72.35,1010.34,15477.05
735,21.82,72.32,1010.34,15415.64
736,21.81,72.32,1010.32,15273.69
737,21.82,72.31,1010.31,15497.6
738,21.83,72.3,1010.34,15233.47
739,21.82,72.29,1010.32,15415.64
740,21.84,72.26,1010.35,15133.58
741,21.8,72.24,1010.27,15436.07
742,21.83,72.26,1010.33,15395.25
743,21.83,72.26,1010.33,15334.3
744,21.84,72.25,1010.31,15093.89
745,21.81,72.23,1010.29,15173.43
746,21.81,72.24,1010.34,15293.85
747,21.81,72.24,1010.32,15334.3
748,21.81,72.26,1010.32,15173.43
749,21.82,72.27,1010.35,15293.85
750,21.8,72.26,1010.3,15436.07
751,21.8,72.27,1010.3,15477.05
752,21.8,72.28,1010.32,15173.43
753,21.81,72.28,1010.36,15273.69
754,21.81,72.31,1010.37,15538.81
755,21.8,72.34,1010.36,15213.42
756,21.81,72.36,1010.31,15436.07
757,21.83,72.37,1010.33,15436.07
758,178.45,100,-132.66,15253.56
759,21.81,72.43,1010.31,15415.64
760,21.8,72.45,1010.31,15395.25
761,21.81,72.45,1010.34,15173.43
762,21.79,72.45,1010.32,15093.89
763,21.79,72.46,1010.35,15436.07
764,21.79,72.45,1010.3,15374.89
765,21.8,72.45,1010.31,15093.89
766,21.8,72.43,1010.35,15173.43
767,21.82,72.41,1010.35,15173.43
768,21.8,72.39,1010.32,15133.58
769,21.8,72.36,1010.3,15213.42
770,21.8,72.37,1010.32,15213.42
771,21.8,72.37,1010.3,15415.64
772,21.79,72.35,1010.28,15213.42
773,21.79,72.36,1010.28,15273.69
774,21.8,72.37,1010.32,15233.47
775,21.79,72.43,1010.32,15354.58
776,21.79,72.45,1010.3,15233.47
777,21.8,72.43,1010.29,15395.25
778,21.79,72.39,1010.3,15133.58
779,21.78,72.39,1010.32,15395.25
780,21.78,72.4,1010.32,15477.05
781,21.8,72.4,1010.33,15193.41
782,21.79,72.4,1010.35,15173.43
783,21.78,72.38,1010.31,15253.56
784,21.78,72.35,1010.31,15173.43
785,21.78,72.33,1010.31,15415.64
786,21.79,72.35,1010.33,15334.3
787,21.77,72.38,1010.29,15293.85
788,21.76,72.39,1010.29,15374.89
789,21.78,72.4,1010.32,15173.43
790,21.78,72.42,1010.33,15395.25
791,21.79,72.4,1010.36,15213.42
792,21.78,72.41,1010.31,15580.17
793,21.76,72.37,1010.31,15334.3
794,21.77,72.35,1010.3,15314.06
795,21.75,72.31,1010.32,15436.07
796,21.76,72.29,1010.29,15580.17
797,21.78,72.27,1010.3,15747.23
798,21.76,72.26,1010.3,15395.25
799,21.77,72.27,1010.32,15334.3
800,21.78,72.27,1010.32,15253.56
801,21.74,72.29,1010.27,15395.25
802,21.76,72.31,1010.26,15477.05
803,21.76,72.36,1010.3,15233.47
804,21.76,72.39,1010.29,15153.49
805,21.77,72.42,1010.35,15497.6
806,21.76,72.44,1010.31,15415.64
807,21.76,72.46,1010.31,15253.56
808,21.76,72.48,1010.3,15456.54
809,21.75,72.46,1010.28,15456.54
810,21.76,72.44,1010.29,15173.43
811,21.75,72.43,1010.3,15173.43
812,21.75,72.41,1010.26,15253.56
813,21.76,72.36,1010.3,15213.42
814,21.75,72.35,1010.25,15334.3
815,21.74,72.36,1010.28,15395.25
816,21.75,72.37,1010.29,15213.42
817,21.76,72.36,1010.31,15253.56
818,21.74,72.32,1010.32,15213.42
819,21.74,72.28,1010.29,15253.56
820,21.74,72.25,1010.28,15456.54
821,21.73,72.23,1010.26,15293.85
822,21.75,72.23,1010.31,15354.58
823,21.75,72.24,1010.32,15334.3
824,21.75,72.25,1010.31,15173.43
825,21.75,72.29,1010.3,15518.18
826,21.74,72.31,1010.27,15253.56
827,21.75,72.34,1010.32,15705.22
828,21.75,72.36,1010.3,15374.89
829,21.73,72.37,1010.28,15334.3
830,21.74,72.36,1010.26,15253.56
831,21.72,72.35,1010.24,15213.42
832,21.74,72.33,1010.27,15415.64
833,21.75,72.32,1010.28,15395.25
834,21.74,72.32,1010.28,15133.58
835,21.75,72.31,1010.28,15374.89
836,21.75,72.33,1010.27,15273.69
837,21.73,72.33,1010.27,15395.25
838,21.74,72.35,1010.29,15133.58
839,21.74,72.36,1010.29,15538.81
840,21.73,72.36,1010.25,15173.43
841,21.74,72.37,1010.27,15497.6
842,21.73,72.4,1010.3,15456.54
843,21.73,72.47,1010.3,15213.42
844,21.72,72.51,1010.27,15253.56
845,21.72,72.56,1010.29,15334.3
846,21.72,72.59,1010.28,15314.06
847,21.73,72.58,1010.3,15213.42
848,21.72,72.59,1010.29,15253.56
849,21.72,72.59,1010.27,15253.56
850,21.72,72.58,1010.28,15477.05
851,21.74,72.57,1010.31,15213.42
852,21.74,72.57,1010.3,15173.43
853,21.73,72.55,1010.31,15334.3
854,21.72,72.55,1010.27,15153.49
855,21.72,72.56,1010.3,15415.64
856,21.72,72.54,1010.31,15559.47
857,21.71,72.53,1010.28,15273.69
858,21.71,72.52,1010.27,15233.47
859,21.72,72.52,1010.27,15395.25
860,21.72,72.52,1010.28,15093.89
861,21.73,72.51,1010.3,15395.25
862,21.72,72.51,1010.27,15213.42
863,21.72,72.5,1010.27,15293.85
864,21.72,72.5,1010.26,15253.56
865,21.72,72.48,1010.28,15293.85
866,21.71,72.49,1010.27,15293.85
867,21.71,72.5,1010.25,15436.07
868,21.73,72.5,1010.31,15253.56
869,21.72,72.51,1010.27,15497.6
870,21.72,72.51,1010.3,15621.7
871,21.71,72.55,1010.26,15173.43
872,21.71,72.6,1010.24,15334.3
873,21.72,72.63,1010.3,15173.43
874,21.72,72.66,1010.27,15173.43
875,21.72,72.65,1010.27,15395.25
876,21.72,72.66,1010.23,15193.41
877,21.72,72.65,1010.28,15193.41
878,21.73,72.67,1010.28,15093.89
879,21.72,72.62,1010.25,15213.42
880,21.72,72.58,1010.27,15477.05
881,21.72,72.5,1010.25,14975.68
882,21.73,72.48,1010.28,15415.64
883,21.72,72.46,1010.28,15213.42
884,21.73,72.47,1010.24,15436.07
885,21.73,72.47,1010.26,15173.43
886,21.73,72.46,1010.29,15456.54
887,21.73,72.46,1010.28,15253.56
888,21.73,72.46,1010.26,15293.85
889,21.72,72.45,1010.27,15334.3
890,21.72,72.43,1010.29,15436.07
891,21.71,72.41,1010.26,15293.85
892,21.72,72.39,1010.28,15374.89
893,21.72,72.36,1010.28,15273.69
894,21.72,72.38,1010.25,15293.85
895,21.72,72.42,1010.27,15334.3
896,21.73,72.43,1010.29,15173.43
897,21.72,72.41,1010.24,15477.05
898,21.71,72.49,1010.26,15374.89
899,21.71,72.52,1010.25,15354.58
900,21.7,72.48,1010.26,15213.42
901,21.72,72.47,1010.28,15518.18
902,21.72,72.43,1010.27,15253.56
903,21.72,72.4,1010.23,15538.81
904,21.72,72.39,1010.28,15395.25
905,21.71,72.47,1010.24,15415.64
906,21.72,72.48,1010.28,15456.54
907,21.73,72.52,1010.28,15538.81
908,21.72,72.48,1010.24,15415.64
909,21.73,72.43,1010.3,15153.49
910,21.72,72.46,1010.27,15293.85
911,21.73,72.45,1010.33,15273.69
912,21.74,72.45,1010.33,15395.25
913,21.72,72.43,1010.28,15213.42
914,21.72,72.38,1010.3,15374.89
915,21.72,72.37,1010.27,15477.05
916,21.73,72.35,1010.28,15253.56
917,21.72,72.35,1010.27,15293.85
918,21.72,72.35,1010.3,15395.25
919,21.72,72.36,1010.28,15253.56
920,21.72,72.36,1010.27,15334.3
921,21.72,72.36,1010.31,15374.89
922,21.71,72.36,1010.31,15395.25
923,21.7,72.33,1010.29,15293.85
924,21.72,72.33,1010.27,15354.58
925,21.73,72.32,1010.27,15173.43
926,21.73,72.32,1010.28,15233.47
927,21.74,72.43,1010.31,15173.43
928,21.74,72.49,1010.32,15213.42
929,21.73,72.54,1010.29,15334.3
930,21.73,72.6,1010.28,15133.58
931,21.72,72.66,1010.31,15559.47
932,21.74,72.71,1010.3,15436.07
933,21.72,72.71,1010.3,15334.3
934,21.74,72.7,1010.32,15334.3
935,21.73,72.73,1010.31,15233.47
936,21.74,73.64,1010.32,15314.06
937,21.75,73.62,1010.31,15213.42
938,21.75,73.34,1010.32,15334.3
939,21.76,73.14,1010.31,15253.56
940,21.78,72.96,1010.3,15253.56
941,21.78,72.78,1010.33,15213.42
942,21.78,72.66,1010.34,15153.49
943,21.79,74.13,1010.32,15334.3
944,21.79,74.6,1010.34,15213.42
945,21.77,74.42,1010.32,14897.59
946,21.78,73.71,1010.34,15113.72
947,21.79,73.26,1010.31,15074.09
948,21.79,73.75,1010.32,14590.91
949,21.82,75.99,1010.38,14515.63
950,21.82,76.79,1010.31,14666.75
951,21.83,76.55,1010.34,14820.08
952,21.83,75.56,1010.36,14858.77
953,21.83,75,1010.38,15093.89
954,21.85,75.16,1010.34,14800.79
955,21.85,74.99,1010.33,15233.47
956,21.85,75.98,1010.33,14781.54
957,21.86,75.61,1010.35,15054.34
958,21.85,74.88,1010.34,15054.34
959,21.86,74.34,1010.34,15193.41
960,21.87,74.16,1010.36,15273.69
961,21.87,73.98,1010.36,15253.56
962,21.87,74.23,1010.35,15233.47
963,21.88,74.56,1010.34,15074.09
964,21.88,74.99,1010.35,15415.64
965,21.89,75.04,1010.36,15173.43
966,21.89,74.79,1010.37,15133.58
967,21.9,74.56,1010.37,15074.09
968,21.9,74.45,1010.35,15034.62
969,21.9,74.26,1010.34,15293.85
970,21.9,74.21,1010.36,15233.47
971,21.91,74.1,1010.36,15395.25
972,21.91,73.73,1010.34,15354.58
973,21.92,73.49,1010.39,15233.47
974,21.92,73.35,1010.34,15173.43
975,21.92,73.19,1010.33,15093.89
976,21.93,73.12,1010.32,15354.58
977,21.93,73.15,1010.32,15133.58
978,21.94,73.17,1010.33,15093.89
979,21.94,73.09,1010.36,15173.43
980,21.93,73,1010.35,15436.07
981,21.93,72.96,1010.33,15193.41
982,21.95,72.87,1010.35,15293.85
983,21.94,72.81,1010.37,15253.56
984,21.94,72.8,1010.34,15153.49
985,21.94,72.73,1010.37,15395.25
986,21.96,72.68,1010.34,15395.25
987,21.95,72.61,1010.36,15374.89
988,21.96,72.59,1010.39,15374.89
989,21.95,72.62,1010.37,15213.42
990,21.94,72.58,1010.35,15354.58
991,21.95,72.47,1010.33,15213.42
992,21.94,72.38,1010.35,15253.56
993,21.94,72.34,1010.35,15233.47
994,21.95,72.36,1010.33,15273.69
995,21.95,72.45,1010.39,15253.56
996,21.95,72.37,1010.34,15213.42
997,21.94,72.29,1010.37,15173.43
998,21.94,72.29,1010.38,15293.85
999,21.94,72.27,1010.37,15518.18
1000,21.94,72.27,1010.34,15173.43
1001,21.94,72.27,1010.34,15518.18
1002,21.93,72.26,1010.38,15233.47
1003,21.94,73.03,1010.37,15354.58
1004,21.94,73.72,1010.33,15054.34
1005,21.95,73.8,1010.34,15334.3
1006,21.96,73.51,1010.37,15133.58
1007,21.96,73.29,1010.35,15093.89
1008,21.95,73.06,1010.36,15293.85
1009,21.95,73,1010.36,15253.56
1010,21.95,72.96,1010.36,15193.41
1011,21.97,72.94,1010.39,15456.54
1012,21.96,72.7,1010.35,15273.69
1013,21.94,72.55,1010.36,15093.89
1014,21.96,72.43,1010.4,15173.43
1015,21.96,72.33,1010.37,15456.54
1016,21.97,72.31,1010.38,15497.6
1017,21.97,72.29,1010.37,15395.25
1018,21.97,72.25,1010.34,15374.89
1019,21.97,72.24,1010.39,15133.58
1020,21.97,72.25,1010.36,15314.06
1021,21.97,72.27,1010.36,15538.81
1022,21.99,72.28,1010.42,15415.64
1023,21.97,72.3,1010.37,15253.56
1024,21.99,73.38,1010.38,14858.77
1025,22,73.82,1010.4,15153.49
1026,22.01,73.83,1010.4,14762.32
1027,22.01,73.86,1010.38,15014.94
1028,22.01,73.64,1010.39,14897.59
1029,22.02,73.5,1010.41,14995.29
1030,22.02,73.49,1010.36,15054.34
1031,22.02,73.49,1010.4,15233.47
1032,22.04,73.49,1010.43,15074.09
1033,22.03,73.48,1010.37,15213.42
1034,22.04,73.44,1010.42,15014.94
1035,22.05,74.1,1010.39,15054.34
1036,22.08,76.67,1010.43,14917.06
1037,22.06,76.44,1010.42,14762.32
1038,22.07,76.23,1010.39,14781.54
1039,22.08,75.93,1010.38,14762.32
1040,22.07,75.54,1010.4,14781.54
1041,22.06,74.72,1010.37,14743.13
1042,22.06,74,1010.38,14839.41
1043,22.07,73.74,1010.37,15014.94
1044,22.06,73.45,1010.41,15334.3
1045,22.07,73.27,1010.44,15014.94
1046,22.07,73.16,1010.38,15293.85
1047,22.07,73.07,1010.4,14975.68
1048,22.06,73,1010.37,15093.89
1049,22.07,72.89,1010.41,15093.89
1050,22.07,72.84,1010.42,15093.89
1051,22.07,73.05,1010.39,15054.34
1052,22.08,73.23,1010.38,15334.3
1053,22.08,73.26,1010.42,15054.34
1054,22.08,73.24,1010.4,15233.47
1055,22.07,72.99,1010.4,15293.85
1056,22.08,72.9,1010.39,15093.89
1057,22.1,72.88,1010.41,15054.34
1058,22.09,72.97,1010.38,14995.29
1059,22.08,72.97,1010.37,14839.41
1060,22.09,72.88,1010.4,15153.49
1061,22.1,72.86,1010.43,15054.34
1062,22.1,72.82,1010.44,15456.54
1063,22.11,72.73,1010.4,15093.89
1064,22.12,72.84,1010.44,15133.58
1065,22.11,72.92,1010.41,15054.34
1066,22.11,73.08,1010.41,15314.06
1067,22.11,73.12,1010.41,15153.49
1068,22.12,72.84,1010.42,15093.89
1069,22.12,72.57,1010.41,15233.47
1070,22.12,72.51,1010.42,15253.56
1071,22.11,72.48,1010.38,15395.25
1072,22.12,72.29,1010.46,15395.25
1073,22.12,72.18,1010.42,15093.89
1074,22.11,72.14,1010.4,15253.56
1075,22.11,72.12,1010.43,15153.49
1076,22.12,72.48,1010.44,15093.89
1077,22.12,72.91,1010.45,15233.47
1078,22.11,72.88,1010.41,15334.3
1079,22.12,72.84,1010.43,15193.41
1080,22.12,72.67,1010.42,15233.47
1081,22.14,74.78,1010.43,15034.62
1082,22.15,75.69,1010.44,14762.32
1083,22.14,75.64,1010.4,15074.09
1084,22.15,75.42,1010.46,15153.49
1085,22.14,75.06,1010.42,15034.62
1086,22.15,74.47,1010.4,14936.56
1087,22.14,73.87,1010.43,15233.47
1088,22.14,73.36,1010.42,15273.69
1089,22.14,73.13,1010.42,15314.06
1090,22.14,73.03,1010.43,15213.42
1091,22.14,73.03,1010.43,15074.09
1092,22.15,72.91,1010.46,15354.58
1093,22.12,72.58,1010.41,15395.25
1094,22.12,72.41,1010.43,15233.47
1095,22.12,72.28,1010.44,15074.09
1096,22.12,72.18,1010.43,15133.58
1097,22.13,72.12,1010.43,15173.43
1098,22.12,72.03,1010.41,15173.43
1099,22.12,72,1010.44,15395.25
1100,22.13,71.96,1010.46,15415.64
1101,22.12,71.95,1010.42,15293.85
1102,22.12,71.97,1010.41,15173.43
1103,22.13,71.93,1010.42,15253.56
1104,22.12,71.9,1010.44,15293.85
1105,22.12,71.9,1010.45,15456.54
1106,22.1,71.93,1010.41,15456.54
1107,22.11,71.97,1010.4,15253.56
1108,22.12,71.97,1010.48,15395.25
1109,22.11,72.04,1010.41,15213.42
1110,22.11,72,1010.43,15374.89
1111,22.13,71.98,1010.46,15415.64
1112,22.11,71.87,1010.45,15293.85
1113,22.11,71.81,1010.45,15153.49
1114,22.12,71.79,1010.44,15395.25
1115,22.1,71.74,1010.4,15173.43
1116,22.1,71.73,1010.45,15477.05
1117,22.11,71.75,1010.44,15093.89
1118,22.12,71.91,1010.47,15213.42
1119,22.11,71.87,1010.41,15456.54
1120,22.11,71.83,1010.47,15621.7
1121,22.12,71.78,1010.47,15233.47
1122,22.12,71.76,1010.46,15415.64
1123,22.1,71.77,1010.46,15253.56
1124,22.12,71.9,1010.47,15253.56
1125,22.12,71.91,1010.5,15173.43
1126,22.11,71.87,1010.46,15456.54
1127,22.11,71.78,1010.48,15253.56
1128,22.11,71.73,1010.46,15173.43
1129,22.11,71.7,1010.47,15093.89
1130,22.12,71.69,1010.48,15497.6
1131,22.1,71.68,1010.46,15093.89
1132,22.1,71.68,1010.49,15253.56
1133,22.11,71.68,1010.46,15415.64
1134,22.11,71.73,1010.52,15293.85
1135,22.13,71.79,1010.47,15093.89
1136,22.11,71.81,1010.49,15213.42
1137,22.11,71.83,1010.48,15374.89
1138,22.1,71.8,1010.43,15173.43
1139,22.11,71.74,1010.43,15193.41
1140,22.11,71.72,1010.45,15213.42
1141,22.11,71.7,1010.45,15233.47
1142,22.12,71.71,1010.5,15293.85
1143,22.11,71.7,1010.43,15497.6
1144,22.11,71.67,1010.47,15395.25
1145,22.12,71.64,1010.48,15213.42
1146,22.1,71.61,1010.44,15395.25
1147,22.11,71.67,1010.49,15334.3
1148,22.1,71.75,1010.45,15395.25
1149,22.1,71.78,1010.47,15293.85
1150,22.1,71.83,1010.42,15213.42
1151,22.1,71.84,1010.43,15477.05
1152,22.1,71.86,1010.46,15334.3
1153,22.1,71.85,1010.45,15133.58
1154,22.09,71.96,1010.45,15213.42
1155,22.1,72.09,1010.43,15395.25
1156,22.09,72.12,1010.47,15093.89
1157,22.11,72.1,1010.47,15253.56
1158,22.09,72.08,1010.47,15173.43
1159,22.11,72.02,1010.45,15395.25
1160,22.11,71.98,1010.48,15374.89
1161,22.1,71.96,1010.49,15133.58
1162,22.1,71.94,1010.5,15173.43
1163,22.09,71.9,1010.49,15153.49
1164,22.09,71.89,1010.49,15293.85
1165,22.1,71.88,1010.48,15133.58
1166,22.1,71.88,1010.51,15193.41
1167,22.09,71.88,1010.47,15233.47
1168,22.09,71.88,1010.45,15213.42
1169,22.09,71.86,1010.45,15233.47
1170,22.1,71.8,1010.47,15395.25
1171,22.1,71.74,1010.48,15415.64
1172,22.08,71.68,1010.48,15395.25
1173,22.07,71.65,1010.46,15093.89
1174,22.07,71.65,1010.5,15559.47
1175,22.09,71.63,1010.5,15173.43
1176,22.07,71.6,1010.45,15253.56
1177,22.07,71.59,1010.48,15293.85
1178,22.07,71.61,1010.5,15436.07
1179,22.08,71.58,1010.46,15395.25
1180,22.07,71.56,1010.46,15213.42
1181,22.07,71.53,1010.45,15456.54
1182,22.06,71.5,1010.46,15374.89
1183,22.06,71.5,1010.47,15233.47
1184,22.06,71.52,1010.46,15293.85
1185,22.07,71.52,1010.47,15213.42
1186,22.06,71.53,1010.43,15538.81
1187,22.06,71.54,1010.47,15253.56
1188,22.05,71.55,1010.44,15314.06
1189,22.06,71.55,1010.43,15395.25
1190,22.05,71.59,1010.43,15253.56
1191,22.05,71.68,1010.46,15436.07
1192,22.05,71.73,1010.45,15395.25
1193,22.05,71.8,1010.43,15436.07
1194,22.03,71.82,1010.41,15374.89
1195,22.05,71.79,1010.43,15395.25
1196,22.04,71.78,1010.45,15293.85
1197,22.04,71.8,1010.46,15133.58
1198,22.03,71.95,1010.44,15273.69
1199,22.04,72.36,1010.42,15314.06
1200,22.04,72.65,1010.46,15133.58
1201,22.03,72.44,1010.45,15014.94
1202,22.04,72.16,1010.44,15253.56
1203,22.03,72.87,1010.45,15153.49
1204,22.06,74.77,1010.47,14781.54
1205,22.06,74.52,1010.47,14858.77
1206,22.05,74.02,1010.46,15093.89
1207,22.04,73.47,1010.47,15093.89
1208,22.05,73.26,1010.41,15054.34
1209,22.03,73.1,1010.41,15233.47
1210,22.04,73,1010.44,15213.42
1211,22.04,72.85,1010.45,15293.85
1212,22.05,72.54,1010.46,15253.56
1213,22.04,72.33,1010.45,15253.56
1214,22.04,72.42,1010.49,15253.56
1215,22.04,72.39,1010.5,15213.42
1216,22.04,72.43,1010.44,15395.25
1217,22.05,72.57,1010.42,15213.42
1218,22.07,72.59,1010.47,15193.41
1219,22.07,72.67,1010.45,15477.05
1220,22.07,72.68,1010.46,15293.85
1221,22.07,72.62,1010.43,15334.3
1222,22.07,72.61,1010.44,15213.42
1223,22.07,72.39,1010.48,15415.64
1224,22.08,72.22,1010.48,15173.43
1225,22.07,72.14,1010.47,15663.38
1226,22.06,72.08,1010.46,15436.07
1227,22.06,72.03,1010.47,15314.06
1228,22.06,72.02,1010.49,15273.69
1229,22.06,72.03,1010.45,15374.89
1230,22.06,72.03,1010.47,15213.42
1231,22.04,72.02,1010.43,15193.41
1232,22.05,71.98,1010.47,15293.85
1233,22.04,71.96,1010.44,15436.07
1234,22.07,71.95,1010.47,15456.54
1235,22.06,71.98,1010.46,15559.47
1236,22.07,71.98,1010.48,15334.3
1237,22.08,72,1010.5,15334.3
1238,22.07,71.95,1010.47,15334.3
1239,22.09,71.87,1010.51,15334.3
1240,22.08,71.89,1010.53,15213.42
1241,22.07,71.85,1010.5,15173.43
1242,22.07,71.82,1010.49,15253.56
1243,22.07,71.78,1010.49,15193.41
1244,22.06,71.84,1010.45,15334.3
1245,22.07,71.88,1010.49,15334.3
1246,22.08,71.87,1010.5,15253.56
1247,22.07,71.83,1010.53,15621.7
1248,22.05,71.8,1010.47,15395.25
1249,22.07,71.79,1010.53,15477.05
1250,22.04,71.78,1010.47,15213.42
1251,22.04,71.76,1010.48,15253.56
1252,22.05,71.76,1010.48,15395.25
1253,22.05,71.8,1010.5,15621.7
1254,22.05,71.84,1010.52,15374.89
1255,22.05,71.87,1010.49,15334.3
1256,22.04,71.9,1010.48,15293.85
1257,22.04,71.92,1010.49,15173.43
1258,22.04,71.95,1010.46,15173.43
1259,22.04,71.96,1010.5,15293.85
1260,22.04,71.87,1010.47,15456.54
1261,22.03,71.8,1010.49,15334.3
1262,22.03,71.77,1010.47,15293.85
1263,22.03,71.75,1010.49,15395.25
1264,22.04,71.85,1010.47,15334.3
1265,22.03,71.98,1010.51,15497.6
1266,22.03,72,1010.49,15415.64
1267,22.02,72,1010.47,15395.25
1268,22.04,71.98,1010.51,15497.6
1269,22.02,71.94,1010.45,15253.56
1270,22.03,71.9,1010.49,15173.43
1271,22.02,71.94,1010.47,15213.42
1272,22.04,71.94,1010.51,15642.52
1273,22.03,71.95,1010.5,15559.47
1274,22.02,71.99,1010.47,15354.58
1275,22.03,72.02,1010.49,15213.42
1276,22.03,72.01,1010.49,15415.64
1277,22.02,71.99,1010.47,15580.17
1278,22.02,71.98,1010.48,15395.25
1279,22.02,71.98,1010.5,15497.6
1280,22.02,71.99,1010.47,15395.25
1281,22.03,71.99,1010.48,15213.42
1282,22.01,72,1010.48,15293.85
1283,22.02,71.98,1010.49,15253.56
1284,22.03,71.95,1010.48,15233.47
1285,22.01,71.95,1010.5,15538.81
1286,22.01,71.95,1010.47,15497.6
1287,22.02,71.91,1010.51,15395.25
1288,22.01,71.87,1010.48,15477.05
1289,22.01,71.9,1010.51,15354.58
1290,22,71.92,1010.49,15334.3
1291,22,71.96,1010.5,15193.41
1292,22,71.99,1010.51,15395.25
1293,22.01,72.01,1010.47,15395.25
1294,22.01,72.02,1010.48,15133.58
1295,22,72.05,1010.53,15233.47
1296,22.01,72.07,1010.5,15173.43
1297,22.01,72.03,1010.52,15173.43
1298,22.01,72.01,1010.5,15253.56
1299,22,71.94,1010.51,15213.42
1300,22.01,71.93,1010.52,15456.54
1301,21.99,71.97,1010.52,15580.17
1302,22,72.05,1010.49,15395.25
1303,22.01,72.04,1010.53,15497.6
1304,22,72.06,1010.52,15395.25
1305,22,72.1,1010.53,15233.47
1306,22.02,72.1,1010.52,15213.42
1307,22.01,72.1,1010.53,15456.54
1308,21.99,72.08,1010.48,15374.89
1309,21.98,72.03,1010.49,15456.54
1310,22,71.98,1010.53,15173.43
1311,21.99,71.96,1010.51,15253.56
1312,21.99,71.96,1010.49,15233.47
1313,21.99,71.95,1010.5,15415.64
1314,22,71.96,1010.49,15293.85
1315,22,71.97,1010.47,15415.64
1316,22,71.98,1010.51,15314.06
1317,21.99,71.98,1010.49,15253.56
1318,22,71.98,1010.49,15559.47
1319,21.99,71.96,1010.5,15477.05
1320,22,71.93,1010.54,15253.56
1321,21.99,71.93,1010.47,15213.42
1322,21.99,71.92,1010.48,15213.42
1323,21.98,71.92,1010.48,15293.85
1324,21.99,71.91,1010.5,15093.89
1325,21.99,71.89,1010.51,15374.89
1326,21.99,71.87,1010.52,15395.25
1327,22,71.93,1010.52,15153.49
1328,22,72.03,1010.54,15477.05
1329,21.98,72.06,1010.49,15374.89
1330,21.98,72.08,1010.51,15093.89
1331,21.99,72.07,1010.51,15253.56
1332,21.97,72.09,1010.48,15293.85
1333,21.98,72.07,1010.51,15233.47
1334,21.98,72.07,1010.49,15293.85
1335,22,72.08,1010.53,15395.25
1336,22,72.06,1010.53,15477.05
1337,22.01,72.08,1010.51,15334.3
1338,21.99,72.11,1010.5,15253.56
1339,21.98,72.13,1010.47,15213.42
1340,21.99,72.13,1010.53,15314.06
1341,21.99,72.11,1010.54,15173.43
1342,21.98,72.06,1010.49,15173.43
1343,21.97,72.03,1010.48,15213.42
1344,21.98,72.03,1010.49,15173.43
1345,21.97,72.06,1010.51,15456.54
1346,21.98,72.07,1010.53,15173.43
1347,21.96,72.09,1010.49,15253.56
1348,21.96,72.11,1010.47,15436.07
1349,21.95,72.1,1010.49,15395.25
1350,21.96,72.08,1010.52,15497.6
1351,21.97,72.06,1010.53,15213.42
1352,21.95,72.1,1010.49,15415.64
1353,21.96,72.13,1010.5,15395.25
1354,21.96,72.1,1010.53,15093.89
1355,21.97,72.07,1010.52,15173.43
1356,21.96,72.04,1010.51,15374.89
1357,21.97,71.99,1010.51,15133.58
1358,21.95,71.95,1010.52,15233.47
1359,21.97,71.94,1010.53,15133.58
1360,21.97,71.93,1010.52,15334.3
1361,21.96,71.91,1010.52,15314.06
1362,21.95,71.91,1010.48,15213.42
1363,21.95,71.9,1010.47,15334.3
1364,21.96,71.89,1010.53,15253.56
1365,21.96,71.91,1010.54,15133.58
1366,21.96,71.92,1010.51,15173.43
1367,21.95,71.95,1010.54,15395.25
1368,21.94,71.94,1010.51,15253.56
1369,21.95,71.95,1010.53,15213.42
1370,21.93,71.94,1010.46,15173.43
1371,21.95,72.1,1010.5,15213.42
1372,21.97,72.19,1010.51,15334.3
1373,21.97,72.16,1010.53,15193.41
1374,21.98,72.09,1010.51,15395.25
1375,21.97,72.05,1010.5,15538.81
1376,21.97,72.03,1010.53,15253.56
1377,21.97,72.03,1010.53,15497.6
1378,21.98,72.06,1010.53,15354.58
1379,21.97,72.1,1010.52,15253.56
1380,21.97,72.1,1010.5,15253.56
1381,21.97,72.12,1010.52,15580.17
1382,21.97,72.13,1010.52,15497.6
1383,21.96,72.14,1010.5,15273.69
1384,21.97,72.16,1010.52,15213.42
1385,21.97,72.15,1010.49,15153.49
1386,21.96,72.08,1010.5,15173.43
1387,21.96,71.98,1010.5,15113.72
1388,21.97,71.96,1010.49,15334.3
1389,21.96,71.92,1010.5,15273.69
1390,21.96,71.89,1010.51,15497.6
1391,21.94,71.86,1010.51,15395.25
1392,21.95,71.84,1010.54,15293.85
1393,21.95,71.86,1010.49,15395.25
1394,21.94,71.86,1010.49,15213.42
1395,21.95,71.86,1010.5,15497.6
1396,21.97,71.88,1010.54,15253.56
1397,21.94,71.92,1010.5,15293.85
1398,21.95,71.92,1010.51,15213.42
1399,21.96,71.97,1010.52,15093.89
1400,21.95,72.06,1010.5,15415.64
1401,21.95,72.18,1010.53,15253.56
1402,21.96,72.2,1010.56,15173.43
1403,21.94,72.17,1010.5,15334.3
1404,21.96,72.18,1010.55,15173.43
1405,21.93,72.17,1010.5,15497.6
1406,21.94,72.17,1010.53,15054.34
1407,21.94,72.12,1010.54,15233.47
1408,21.94,72.09,1010.55,15436.07
1409,21.95,72.02,1010.56,15395.25
1410,21.94,71.99,1010.54,15477.05
1411,21.93,71.99,1010.48,15173.43
1412,21.94,72.01,1010.55,15415.64
1413,21.94,72.03,1010.53,15395.25
1414,21.92,72.07,1010.5,15093.89
1415,21.92,72.12,1010.5,15334.3
1416,21.92,72.14,1010.51,15173.43
1417,21.93,72.15,1010.51,15213.42
1418,21.94,72.15,1010.58,15253.56
1419,21.92,72.14,1010.51,15395.25
1420,21.93,72.12,1010.52,15293.85
1421,21.94,72.11,1010.49,15374.89
1422,21.92,72.1,1010.53,15153.49
1423,21.91,72.1,1010.51,15253.56
1424,21.92,72.07,1010.54,15477.05
1425,21.92,72.05,1010.52,15538.81
1426,21.91,72.02,1010.51,15213.42
1427,21.92,72,1010.54,15213.42
1428,21.92,72,1010.52,15477.05
1429,21.91,72.01,1010.48,15193.41
1430,21.92,72.01,1010.53,15093.89
1431,21.89,72.02,1010.45,15395.25
1432,21.9,72.04,1010.49,15173.43
1433,21.93,72.06,1010.55,15133.58
1434,21.92,72.09,1010.52,15293.85
1435,21.91,72.1,1010.54,15293.85
1436,21.9,72.1,1010.52,15173.43
1437,21.9,72.1,1010.51,15293.85
1438,21.91,72.09,1010.54,15213.42
1439,21.9,72.1,1010.5,15273.69
1440,21.91,72.09,1010.53,15273.69
1441,21.9,72.08,1010.53,15456.54
1442,21.88,72.05,1010.49,15293.85
1443,21.89,72.02,1010.52,15173.43
1444,21.9,72.01,1010.56,15477.05
1445,21.89,71.99,1010.54,15273.69
1446,21.91,72,1010.56,15213.42
1447,21.89,71.99,1010.5,15273.69
1448,21.89,72,1010.49,15153.49
1449,21.89,72.03,1010.52,15273.69
1450,21.91,72.02,1010.55,15213.42
1451,21.89,72.01,1010.52,15334.3
1452,21.91,72.02,1010.55,15133.58
1453,21.89,72.05,1010.56,15293.85
1454,21.88,72.07,1010.53,15193.41
1455,21.89,72.11,1010.53,15334.3
1456,21.87,72.14,1010.49,15273.69
1457,21.9,72.16,1010.54,15395.25
1458,21.88,72.18,1010.51,15497.6
1459,21.88,72.2,1010.5,15334.3
1460,21.88,72.21,1010.52,15538.81
1461,21.88,72.22,1010.5,15293.85
1462,21.89,72.22,1010.49,15173.43
1463,21.89,72.22,1010.51,15580.17
1464,21.89,72.22,1010.52,15314.06
1465,21.88,72.24,1010.5,15233.47
1466,21.88,72.24,1010.48,15293.85
1467,21.9,72.23,1010.5,15133.58
1468,21.89,72.24,1010.49,15173.43
1469,21.89,72.24,1010.5,15293.85
1470,21.89,72.26,1010.51,15253.56
1471,21.88,72.27,1010.5,15173.43
1472,21.89,72.27,1010.54,15213.42
1473,21.87,72.26,1010.48,14858.77
1474,21.87,72.26,1010.48,15213.42
1475,21.88,72.25,1010.52,15456.54
1476,21.89,72.27,1010.5,15213.42
1477,21.89,72.28,1010.54,15456.54
1478,21.88,72.28,1010.51,15395.25
1479,21.87,72.27,1010.47,15395.25
1480,21.88,72.27,1010.55,15173.43
1481,21.86,72.26,1010.49,15395.25
1482,21.85,72.25,1010.46,15538.81
1483,21.86,72.24,1010.5,15133.58
1484,21.85,72.24,1010.44,15213.42
1485,21.88,72.26,1010.52,15173.43
1486,21.87,72.24,1010.5,15293.85
1487,21.88,72.21,1010.54,15233.47
1488,21.87,72.21,1010.51,15374.89
1489,21.87,72.23,1010.46,15213.42
1490,21.87,72.23,1010.53,15334.3
1491,21.87,72.23,1010.53,15173.43
1492,21.87,72.24,1010.5,15293.85
1493,21.88,72.24,1010.48,15253.56
1494,21.87,72.24,1010.51,15395.25
1495,21.87,72.24,1010.49,15213.42
1496,21.88,72.24,1010.49,15253.56
1497,21.88,72.24,1010.52,15559.47
1498,21.87,72.23,1010.51,15253.56
1499,21.87,72.2,1010.5,15213.42
1500,21.86,72.18,1010.5,15293.85
1501,21.87,72.19,1010.52,15415.64
1502,21.87,72.19,1010.5,15314.06
1503,21.88,72.19,1010.51,15173.43
1504,21.86,72.15,1010.54,15559.47
1505,21.86,72.14,1010.5,15253.56
1506,21.87,72.14,1010.55,15334.3
1507,21.86,72.15,1010.53,15477.05
1508,21.86,72.16,1010.51,15334.3
1509,21.86,72.17,1010.49,15293.85
1510,21.85,72.17,1010.48,15293.85
1511,21.85,72.17,1010.51,15538.81
1512,21.86,72.2,1010.51,15395.25
1513,21.85,72.19,1010.5,15253.56
1514,21.86,72.22,1010.51,15456.54
1515,21.86,72.21,1010.51,15538.81
1516,21.86,72.21,1010.5,15233.47
1517,21.85,72.2,1010.51,15293.85
1518,21.87,72.2,1010.52,15314.06
1519,21.86,72.2,1010.48,15538.81
1520,21.87,72.19,1010.52,15334.3
1521,21.85,72.19,1010.48,15497.6
1522,21.86,72.2,1010.48,15600.92
1523,21.87,72.16,1010.51,15497.6
1524,21.88,72.17,1010.51,15213.42
1525,21.88,72.22,1010.52,15213.42
1526,21.88,72.27,1010.5,15213.42
1527,21.89,72.32,1010.53,15559.47
1528,21.89,72.34,1010.49,15273.69
1529,21.87,72.36,1010.48,15233.47
1530,21.86,72.49,1010.46,15354.58
1531,21.88,72.57,1010.49,15334.3
1532,21.88,72.57,1010.5,15233.47
1533,21.88,72.54,1010.53,15293.85
1534,21.87,72.6,1010.49,15334.3
1535,21.88,72.62,1010.5,15334.3
1536,21.89,72.59,1010.53,15334.3
1537,21.87,72.53,1010.5,15173.43
1538,21.87,72.5,1010.49,15213.42
1539,21.88,72.5,1010.51,15538.81
1540,21.88,72.49,1010.5,15093.89
1541,21.87,72.46,1010.51,15093.89
1542,21.86,72.42,1010.48,15173.43
1543,21.87,72.36,1010.51,15213.42
1544,21.86,72.31,1010.53,15497.6
1545,21.87,72.27,1010.5,15213.42
1546,21.87,72.25,1010.52,15580.17
1547,21.87,72.23,1010.51,15233.47
1548,21.86,72.25,1010.45,15253.56
1549,21.86,72.25,1010.45,15436.07
1550,21.87,72.23,1010.5,15334.3
1551,21.86,72.24,1010.48,15293.85
1552,21.87,72.24,1010.51,15374.89
1553,21.85,72.2,1010.5,15415.64
1554,21.86,72.18,1010.5,15293.85
1555,21.85,72.19,1010.5,15538.81
1556,21.85,72.2,1010.48,15415.64
1557,21.85,72.22,1010.49,15293.85
1558,21.85,72.22,1010.54,15253.56
1559,21.85,72.25,1010.49,15334.3
1560,21.85,72.25,1010.53,15293.85
1561,21.84,72.26,1010.47,15173.43
1562,21.85,72.25,1010.51,15253.56
1563,21.84,72.25,1010.47,15213.42
1564,21.84,72.25,1010.48,15477.05
1565,21.83,72.28,1010.41,15436.07
1566,21.85,72.27,1010.5,15173.43
1567,21.84,72.28,1010.47,15395.25
1568,21.84,72.27,1010.52,15193.41
1569,21.84,72.28,1010.46,15334.3
1570,21.84,72.29,1010.5,15213.42
1571,21.84,72.28,1010.46,15334.3
1572,21.84,72.28,1010.45,15456.54
1573,21.87,72.27,1010.52,15173.43
1574,21.85,72.28,1010.49,15213.42
1575,21.84,72.27,1010.46,15133.58
1576,21.84,72.27,1010.47,15726.2
1577,21.83,72.27,1010.47,15293.85
1578,21.85,72.26,1010.49,15538.81
1579,21.84,72.27,1010.49,15253.56
1580,21.84,72.26,1010.48,15093.89
1581,21.84,72.25,1010.51,15395.25
1582,21.84,72.2,1010.47,15374.89
1583,21.84,72.19,1010.46,15374.89
1584,21.85,72.19,1010.5,15456.54
1585,21.85,72.15,1010.48,15173.43
1586,21.85,72.12,1010.44,15415.64
1587,21.88,72.09,1010.51,15213.42
1588,21.88,72.09,1010.51,15293.85
1589,21.86,72.17,1010.46,15334.3
1590,21.9,72.25,1010.55,15354.58
1591,21.89,72.3,1010.51,15173.43
1592,21.89,72.33,1010.5,15253.56
1593,21.89,72.36,1010.51,15133.58
1594,21.88,72.36,1010.48,15436.07
1595,21.88,72.35,1010.49,15213.42
1596,21.89,72.35,1010.52,15173.43
1597,21.86,72.33,1010.47,15253.56
1598,21.87,72.33,1010.48,15173.43
1599,21.88,72.34,1010.5,15374.89
1600,21.88,72.33,1010.51,15133.58
1601,21.87,72.29,1010.49,15293.85
1602,21.88,72.29,1010.49,15253.56
1603,21.87,72.27,1010.5,15213.42
1604,21.87,72.27,1010.51,15293.85
1605,21.86,72.28,1010.49,15213.42
1606,21.87,72.29,1010.52,15621.7
1607,21.86,72.29,1010.53,15213.42
1608,21.87,72.29,1010.5,15213.42
1609,21.86,72.29,1010.49,15213.42
1610,21.84,72.3,1010.47,15213.42
1611,21.86,72.29,1010.49,15497.6
1612,21.86,72.28,1010.5,15334.3
1613,21.87,72.28,1010.52,15395.25
1614,21.86,72.29,1010.5,15173.43
1615,21.86,72.29,1010.49,15497.6
1616,21.85,72.29,1010.52,15374.89
1617,21.87,72.29,1010.52,15415.64
1618,21.86,72.29,1010.53,15293.85
1619,21.87,72.29,1010.54,15253.56
1620,21.85,72.28,1010.52,15253.56
1621,21.85,72.27,1010.53,15415.64
1622,21.84,72.28,1010.51,15334.3
1623,21.84,72.29,1010.5,15213.42
1624,21.86,72.28,1010.52,15253.56
1625,21.85,72.28,1010.47,15253.56
1626,21.85,72.28,1010.52,15477.05
1627,21.84,72.28,1010.47,15436.07
1628,21.84,72.26,1010.46,15253.56
1629,21.85,72.26,1010.53,15436.07
1630,21.83,72.28,1010.49,15153.49
1631,21.84,72.24,1010.52,15334.3
1632,21.83,72.25,1010.49,15233.47
1633,21.82,72.25,1010.51,15213.42
1634,21.83,72.27,1010.48,15253.56
1635,21.81,72.29,1010.48,15395.25
1636,21.82,72.29,1010.47,15253.56
1637,21.82,72.29,1010.47,15374.89
1638,21.82,72.29,1010.46,15374.89
1639,21.81,72.28,1010.49,15213.42
1640,21.82,72.27,1010.48,15497.6
1641,21.82,72.23,1010.48,15213.42
1642,21.83,72.2,1010.49,15213.42
1643,21.86,72.17,1010.51,15173.43
1644,21.85,72.18,1010.47,15477.05
1645,21.85,72.18,1010.49,15477.05
1646,21.84,72.18,1010.47,15334.3
1647,21.86,72.19,1010.48,15173.43
1648,21.88,72.19,1010.5,15497.6
1649,21.84,72.26,1010.45,15233.47
1650,21.88,72.35,1010.53,15395.25
1651,21.89,72.43,1010.5,15374.89
1652,21.88,72.89,1010.46,15293.85
1653,21.9,72.8,1010.5,15497.6
1654,21.9,72.84,1010.49,15093.89
1655,21.89,72.85,1010.5,15193.41
1656,21.9,72.79,1010.45,15133.58
1657,21.9,72.73,1010.5,15173.43
1658,21.92,72.63,1010.49,15173.43
1659,21.91,72.49,1010.5,15415.64
1660,21.9,72.38,1010.48,15173.43
1661,21.9,72.3,1010.49,15173.43
1662,21.89,72.25,1010.49,15213.42
1663,21.9,72.23,1010.46,15436.07
1664,21.9,72.22,1010.46,15133.58
1665,21.89,72.21,1010.49,15395.25
1666,21.88,72.2,1010.47,15153.49
1667,21.9,72.22,1010.48,15253.56
1668,21.89,72.22,1010.45,15293.85
1669,21.9,72.22,1010.5,15477.05
1670,21.9,72.21,1010.5,15193.41
1671,21.89,72.21,1010.48,15253.56
1672,21.89,72.21,1010.48,15253.56
1673,21.89,72.21,1010.49,15354.58
1674,21.89,72.21,1010.47,15213.42
1675,21.89,72.21,1010.49,15395.25
1676,21.91,72.21,1010.55,15538.81
1677,21.89,72.22,1010.52,15334.3
1678,21.89,72.22,1010.48,15293.85
1679,21.89,72.22,1010.5,15253.56
1680,21.88,72.21,1010.49,15273.69
1681,21.9,72.21,1010.5,15497.6
1682,21.88,72.18,1010.46,15253.56
1683,21.9,72.16,1010.5,15213.42
1684,21.88,72.16,1010.48,15213.42
1685,21.88,72.14,1010.48,15293.85
1686,21.89,72.12,1010.52,15334.3
1687,21.88,72.13,1010.48,15518.18
1688,21.86,72.12,1010.45,15253.56
1689,21.87,72.11,1010.48,15456.54
1690,21.88,72.1,1010.49,15213.42
1691,21.89,72.11,1010.49,15477.05
1692,21.87,72.12,1010.48,15253.56
1693,21.88,72.11,1010.47,15253.56
1694,21.87,72.12,1010.49,15395.25
1695,21.88,72.12,1010.47,15334.3
1696,21.9,72.11,1010.52,15456.54
1697,21.88,72.11,1010.46,15374.89
1698,21.88,72.11,1010.48,15173.43
1699,21.85,72.11,1010.42,15293.85
1700,21.88,72.11,1010.48,15213.42
1701,21.87,72.1,1010.48,15395.25
1702,21.88,72.11,1010.49,15334.3
1703,21.86,72.1,1010.45,15477.05
1704,21.88,72.1,1010.49,15253.56
1705,21.89,72.1,1010.52,15253.56
1706,21.88,72.11,1010.55,15173.43
1707,21.88,72.12,1010.53,15334.3
1708,21.87,72.12,1010.51,15314.06
1709,21.87,72.12,1010.5,15415.64
1710,21.88,72.12,1010.5,15253.56
1711,21.88,72.13,1010.5,15415.64
1712,21.89,72.13,1010.51,15293.85
1713,21.88,72.13,1010.52,15213.42
1714,21.87,72.12,1010.51,15173.43
1715,21.87,72.12,1010.5,15273.69
1716,21.89,72.12,1010.53,15213.42
1717,21.87,72.12,1010.5,15436.07
1718,21.88,72.11,1010.49,15559.47
1719,21.87,72.11,1010.49,15477.05
1720,21.88,72.11,1010.53,15253.56
1721,21.88,72.11,1010.53,15580.17
1722,21.88,72.11,1010.55,15173.43
1723,21.87,72.11,1010.55,15456.54
1724,21.87,72.12,1010.51,15173.43
1725,21.87,72.11,1010.51,15193.41
1726,21.87,72.12,1010.52,15334.3
1727,21.86,72.12,1010.51,15395.25
1728,21.86,72.13,1010.52,15334.3
1729,21.86,72.12,1010.54,15518.18
1730,21.85,72.12,1010.48,15133.58
1731,21.87,72.12,1010.5,15663.38
1732,21.86,72.11,1010.51,15395.25
1733,21.87,72.11,1010.54,15193.41
1734,21.86,72.12,1010.5,15173.43
1735,21.86,72.12,1010.48,15621.7
1736,21.86,72.12,1010.49,15213.42
1737,21.85,72.12,1010.48,15173.43
1738,21.86,72.11,1010.49,15253.56
1739,21.85,72.11,1010.53,15293.85
1740,21.86,72.12,1010.51,15253.56
1741,21.86,72.12,1010.54,15621.7
1742,21.85,72.11,1010.5,15374.89
1743,21.84,72.12,1010.5,15374.89
1744,21.86,72.12,1010.51,15273.69
1745,21.87,72.12,1010.53,15173.43
1746,21.84,72.14,1010.52,15477.05
1747,21.85,72.13,1010.53,15293.85
1748,21.86,72.13,1010.49,15314.06
1749,21.83,72.14,1010.46,15538.81
1750,21.85,72.13,1010.52,15477.05
1751,21.85,72.14,1010.51,15395.25
1752,21.85,72.15,1010.52,15173.43
1753,21.84,72.15,1010.49,15477.05
1754,21.84,72.15,1010.47,15213.42
1755,21.85,72.16,1010.5,15293.85
1756,21.84,72.16,1010.5,15374.89
1757,21.85,72.16,1010.53,15334.3
1758,21.84,72.17,1010.5,15477.05
1759,21.84,72.17,1010.52,15293.85
1760,21.85,72.17,1010.55,15663.38
1761,21.85,72.17,1010.53,15395.25
1762,21.83,72.18,1010.51,15477.05
1763,21.85,72.17,1010.54,15395.25
1764,21.84,72.18,1010.51,15538.81
1765,21.83,72.18,1010.51,15213.42
1766,21.84,72.18,1010.52,15273.69
1767,21.83,72.17,1010.5,15253.56
1768,21.85,72.17,1010.54,15253.56
1769,21.81,72.17,1010.47,15395.25
1770,21.84,72.16,1010.53,15293.85
1771,21.84,72.17,1010.47,15293.85
1772,21.83,72.16,1010.49,15213.42
1773,21.84,72.15,1010.5,15334.3
1774,21.84,72.14,1010.52,15213.42
1775,21.83,72.14,1010.5,15253.56
1776,21.83,72.13,1010.48,15253.56
1777,21.83,72.15,1010.52,15518.18
1778,21.83,72.15,1010.5,15334.3
1779,21.83,72.16,1010.49,15273.69
1780,21.83,72.15,1010.49,15354.58
1781,21.84,72.13,1010.53,15273.69
1782,21.82,72.11,1010.49,15395.25
1783,21.83,72.1,1010.5,15273.69
1784,21.81,72.08,1010.47,15374.89
1785,21.83,72.09,1010.51,15293.85
1786,21.82,72.09,1010.49,15456.54
1787,21.83,72.09,1010.52,15293.85
1788,21.82,72.08,1010.49,15334.3
1789,21.82,72.08,1010.52,15477.05
1790,21.82,72.09,1010.48,15334.3
1791,21.82,72.11,1010.51,15273.69
1792,21.81,72.16,1010.51,15580.17
1793,21.83,72.18,1010.52,15477.05
1794,21.83,72.26,1010.49,15153.49
1795,21.83,72.3,1010.52,15253.56
1796,21.83,72.88,1010.54,15014.94
1797,21.84,73.5,1010.52,15354.58
1798,21.85,73.58,1010.52,15213.42
1799,21.85,73.46,1010.55,15253.56
1800,21.85,73.34,1010.56,15093.89
1801,21.84,73.12,1010.49,15173.43
1802,21.86,73.02,1010.55,15314.06
1803,21.86,72.9,1010.54,14897.59
1804,21.86,72.77,1010.55,15580.17
1805,21.87,72.67,1010.57,15395.25
1806,21.86,72.6,1010.56,15436.07
1807,21.87,72.65,1010.54,15213.42
1808,21.86,72.59,1010.52,15093.89
1809,21.86,72.55,1010.54,15374.89
1810,21.87,72.46,1010.53,15395.25
1811,21.87,72.58,1010.53,15374.89
1812,21.87,72.65,1010.53,15436.07
1813,21.87,72.68,1010.54,15213.42
1814,21.89,72.66,1010.57,15395.25
1815,21.88,72.59,1010.54,15374.89
1816,21.89,72.55,1010.55,15374.89
1817,21.89,72.47,1010.53,15415.64
1818,21.88,72.43,1010.53,15395.25
1819,21.9,72.42,1010.57,15173.43
1820,21.89,72.42,1010.54,15395.25
1821,21.88,72.42,1010.52,15173.43
1822,21.87,72.38,1010.51,15213.42
1823,21.87,72.37,1010.49,15133.58
1824,21.88,72.43,1010.55,15374.89
1825,21.89,72.49,1010.56,15173.43
1826,21.89,72.58,1010.53,15253.56
1827,21.87,72.67,1010.5,15415.64
1828,21.88,72.66,1010.51,15173.43
1829,21.88,72.63,1010.53,15273.69
1830,21.89,72.58,1010.53,15253.56
1831,21.88,72.54,1010.55,15273.69
1832,21.91,72.52,1010.52,15395.25
1833,21.89,72.48,1010.53,15415.64
1834,21.89,72.46,1010.54,15213.42
1835,21.89,72.44,1010.53,15173.43
1836,21.9,72.43,1010.53,15518.18
1837,21.89,72.41,1010.53,15538.81
1838,21.9,72.37,1010.57,15253.56
1839,21.9,72.34,1010.56,15173.43
1840,21.9,72.32,1010.59,15395.25
1841,21.9,72.3,1010.55,15293.85
1842,21.91,72.28,1010.56,15293.85
1843,21.9,72.25,1010.53,15253.56
1844,21.9,72.25,1010.56,15436.07
1845,21.9,72.22,1010.54,15293.85
1846,21.9,72.2,1010.56,15621.7
1847,21.89,72.19,1010.55,15253.56
1848,21.89,72.18,1010.54,15253.56
1849,21.9,72.17,1010.56,15213.42
1850,21.88,72.17,1010.54,15436.07
1851,21.9,72.17,1010.56,15253.56
1852,21.89,72.17,1010.58,15213.42
1853,21.89,72.18,1010.6,15415.64
1854,21.87,72.17,1010.55,15293.85
1855,21.92,72.17,1010.63,15334.3
1856,21.89,72.18,1010.55,15173.43
1857,21.88,72.15,1010.53,15334.3
1858,21.89,72.15,1010.57,15153.49
1859,21.89,72.12,1010.58,15173.43
1860,21.9,72.12,1010.56,15173.43
1861,21.88,72.11,1010.58,15456.54
1862,21.88,72.11,1010.57,15374.89
1863,21.9,72.1,1010.56,15173.43
1864,21.89,72.1,1010.59,15093.89
1865,21.9,72.09,1010.59,15173.43
1866,21.89,72.09,1010.56,15663.38
1867,21.9,72.09,1010.6,15477.05
1868,21.89,72.1,1010.57,15293.85
1869,21.89,72.1,1010.58,15273.69
1870,21.87,72.11,1010.57,15395.25
1871,21.88,72.1,1010.56,15436.07
1872,21.88,72.12,1010.56,15173.43
1873,21.9,72.29,1010.57,15354.58
1874,21.91,72.3,1010.61,15477.05
1875,21.92,72.54,1010.59,15093.89
1876,21.91,72.54,1010.57,15354.58
1877,21.91,72.47,1010.58,15314.06
1878,21.92,72.44,1010.61,15173.43
1879,21.93,72.39,1010.59,15436.07
1880,21.94,72.38,1010.59,15153.49
1881,21.94,72.8,1010.6,15253.56
1882,21.96,72.73,1010.6,15173.43
